{"an":39,"n":"Yttrium","s":"Y","am":88.90584,"ec":[36,{"sh":4,"su":"d","e":1},{"sh":5,"su":"s","e":2}],"gb":"transitionMetal","cas":"7440-65-5","i":[{"n":50,"a":1}],"ies":[[1,6.21726],[2,12.224],[3,20.52441],[4,60.607],[5,74.97],[6,91.39],[7,110.02],[8,127],[9,145.64],[10,185.7],[11,206],[12,374.04],[13,414],[14,463],[15,512],[16,559],[17,624],[18,677],[19,733],[20,790],[21,847],[22,1010],[23,1061.9],[24,1120.2],[25,1190],[26,1253],[27,1300],[28,1427.6],[29,1483.118],[30,3562.9],[31,3720],[32,3892],[33,4060],[34,4299],[35,4484],[36,4724],[37,4875.73],[38,20415.716],[39,21115.55]],"os":[0,3],"g":3,"p":5,"b":"d","bp":3611,"mp":1795,"d":4.47,"eh":367,"fh":11.5,"sph":0.284,"hof":424.7,"tc":null,"ar":178,"av":19.8,"mr":162,"vdwr":231.99999999999997,"cr":163,"crd":130,"crt":124,"gbas":945.9,"dp":153,"ea":0.307,"pa":967,"en":1.22,"lc":3.65,"ls":"HEX","c6":null,"ca":33,"sa":0.000013000000000000001,"u":"Combined with europium to make red phosphors for color TV's. Yttrium oxide and iron oxide combine to form a crystal garnet used in radar.","sour":"Found in minerals such as monazite, xenotime, and yttria.","desc":"Silvery-grey metallic element of group 3 on the periodic table. Found in uranium ores. The only natural isotope is Y-89, there are 14 other artificial isotopes. Chemically resembles the lanthanoids. Stable in the air below 400 degrees, celsius. Discovered in 1828 by Friedrich Wohler.","no":"From the Swedish village, Ytterby, where one of its minerals was first found.","disc":"Johann Gadolin","discLoc":"Finland","discYear":1789,"ann":""}