{"an":79,"n":"Gold","s":"Au","am":196.966569,"ec":[54,{"sh":4,"su":"f","e":14},{"sh":5,"su":"d","e":10},{"sh":6,"su":"s","e":1}],"gb":"transitionMetal","cas":"7440-57-5","i":[{"n":118,"a":1}],"ies":[[1,9.225553],[2,20.203],[3,30],[4,45],[5,60],[6,74],[7,94],[8,112],[9,130.1],[10,149],[11,168.2],[12,200],[13,275],[14,299],[15,324],[16,365],[17,392],[18,433],[19,487],[20,520],[21,550],[22,600],[23,650],[24,710],[25,760],[26,820],[27,870],[28,930],[29,990],[30,1040],[31,1100],[32,1150],[33,1210],[34,1475],[35,1527],[36,1584],[37,1644],[38,1702],[39,1758],[40,1845],[41,1904],[42,1967],[43,2026],[44,2261],[45,2320],[46,2383],[47,2443],[48,2640],[49,2708],[50,2870],[51,2941],[52,4888],[53,5013],[54,5156],[55,5307],[56,5452],[57,5594],[58,5846],[59,5994],[60,6156],[61,6305],[62,6724],[63,6854],[64,6997],[65,7130],[66,7760],[67,7910],[68,8210],[69,8360],[70,18040],[71,18400],[72,18790],[73,19150],[74,21470],[75,21920],[76,22500],[77,22868.12],[78,91515.82],[79,93254.3]],"os":[0,1,3],"g":11,"p":6,"b":"d","bp":3080,"mp":1337.58,"d":19.3,"eh":340,"fh":12.68,"sph":0.129,"hof":368.2,"tc":318,"ar":146,"av":10.2,"mr":134,"vdwr":214,"cr":124,"crd":121,"crt":123,"gbas":null,"dp":36.1,"ea":2.30863,"pa":null,"en":2.4,"lc":4.08,"ls":"FCC","c6":null,"ca":0.004,"sa":0.000004,"u":"Very malleable. Used in electronics, jewelry and coins. It is a good reflector of infrared radiation, so a thin film of gold is applied to the glass of skyscrapers to reduce internal heating from sunlight.","sour":"Found in veins in the crust, with cooper ore and native .","desc":"Gold is gold colored. It is the most malleable and ductile metal known. There is only one stable isotope of gold, and five radioisotopes of gold, Au-195 being the most stable with a half-life of 186 days. Gold is used as a monetary standard, in jewelry, dentistry, electronics. Au-198 is used in treating cancer and some other medical conditions. Gold has been known to exist as far back as 2600 BC. Gold comes from the Anglo-Saxon word gold. Its symbol, Au, comes from the Latin word aurum, which means gold. Gold is not particularly toxic, however it is known to cause damage to the liver and kidneys in some.","no":"Anglo-Saxon: geolo (yellow); symbol from Latin: aurum (shining dawn).","disc":"Known to the ancients.","discLoc":null,"discYear":null,"ann":""}